ProviderNamespace,ResourceType,ModuleDisplayName,ModuleName,ModuleStatus,RepoURL,PublicRegistryReference,TelemetryIdPrefix,PrimaryModuleOwnerGHHandle,PrimaryModuleOwnerDisplayName,SecondaryModuleOwnerGHHandle,SecondaryModuleOwnerDisplayName,ModuleOwnersGHTeam,ModuleContributorsGHTeam,Description,Comments,FirstPublishedIn
Microsoft.AAD,domainServices,Azure Active Directory Domain Service,avm/res/aad/domain-service,Available :green_circle:,https://github.com/Azure/bicep-registry-modules/tree/main/avm/res/aad/domain-service,br/public:avm/res/aad/domain-service:X.Y.Z,46d3xbcp.res.aad-domainservice,CRYP70N1X,Paul Chirila,ReneHezser,Rene Hezser,@Azure/avm-res-aad-domainservice-module-owners-bicep,@Azure/avm-res-aad-domainservice-module-contributors-bicep,AVM Resource Module for Azure Active Directory Domain Service,,2024-04
Microsoft.AlertsManagement,actionRules,Action Rules,avm/res/alerts-management/action-rule,Proposed :new:,https://github.com/Azure/bicep-registry-modules/tree/main/avm/res/alerts-management/action-rule,br/public:avm/res/alerts-management/action-rule:X.Y.Z,46d3xbcp.res.alertsmanagement-actionrule,judyer28,Justin Dyer,,,@Azure/avm-res-alertsmanagement-actionrule-module-owners-bicep,@Azure/avm-res-alertsmanagement-actionrule-module-contributors-bicep,AVM Resource Module for Action Rules,,
Microsoft.AnalysisServices,servers,Analysis Services Server,avm/res/analysis-services/server,Orphaned :eyes:,https://github.com/Azure/bicep-registry-modules/tree/main/avm/res/analysis-services/server,br/public:avm/res/analysis-services/server:X.Y.Z,46d3xbcp.res.analysisservices-server,,,,,@Azure/avm-res-analysisservices-server-module-owners-bicep,@Azure/avm-res-analysisservices-server-module-contributors-bicep,AVM Resource Module for Analysis Services Server,,2024-01
Microsoft.ApiManagement,service,API Management Service,avm/res/api-management/service,Available :green_circle:,https://github.com/Azure/bicep-registry-modules/tree/main/avm/res/api-management/service,br/public:avm/res/api-management/service:X.Y.Z,46d3xbcp.res.apimanagement-service,tony-box,Tony Box,,,@Azure/avm-res-apimanagement-service-module-owners-bicep,@Azure/avm-res-apimanagement-service-module-contributors-bicep,AVM Resource Module for API Management Service,,2023-12
Microsoft.App,containerApps,Container App,avm/res/app/container-app,Available :green_circle:,https://github.com/Azure/bicep-registry-modules/tree/main/avm/res/app/container-app,br/public:avm/res/app/container-app:X.Y.Z,46d3xbcp.res.app-containerapp,oZakari,Zach Trocinski,,,@Azure/avm-res-app-containerapp-module-owners-bicep,@Azure/avm-res-app-containerapp-module-contributors-bicep,AVM Resource Module for Container App,,2024-01
Microsoft.App,Jobs,App Job,avm/res/app/job,Available :green_circle:,https://github.com/Azure/bicep-registry-modules/tree/main/avm/res/app/job,br/public:avm/res/app/job:X.Y.Z,46d3xbcp.res.app-job,ReneHezser,Rene Hezser,,,@Azure/avm-res-app-job-module-owners-bicep,@Azure/avm-res-app-job-module-contributors-bicep,AVM Resource Module for App Job,,2024-05
Microsoft.App,managedEnvironments,App Managed Environment,avm/res/app/managed-environment,Available :green_circle:,https://github.com/Azure/bicep-registry-modules/tree/main/avm/res/app/managed-environment,br/public:avm/res/app/managed-environment:X.Y.Z,46d3xbcp.res.app-managedenvironment,hundredacres,Matt Schmitt,,,@Azure/avm-res-app-managedenvironment-module-owners-bicep,@Azure/avm-res-app-managedenvironment-module-contributors-bicep,AVM Resource Module for App Managed Environment,,2023-12
Microsoft.AppConfiguration,configurationStores,App Configuration Store,avm/res/app-configuration/configuration-store,Available :green_circle:,https://github.com/Azure/bicep-registry-modules/tree/main/avm/res/app-configuration/configuration-store,br/public:avm/res/app-configuration/configuration-store:X.Y.Z,46d3xbcp.res.appconfiguration-configurationstore,Jfolberth,John Folberth,,,@Azure/avm-res-appconfiguration-configurationstore-module-owners-bicep,@Azure/avm-res-appconfiguration-configurationstore-module-contributors-bicep,AVM Resource Module for App Configuration Store,,2024-03
Microsoft.Automation,automationAccounts,Automation Account,avm/res/automation/automation-account,Available :green_circle:,https://github.com/Azure/bicep-registry-modules/tree/main/avm/res/automation/automation-account,br/public:avm/res/automation/automation-account:X.Y.Z,46d3xbcp.res.automation-automationaccount,elanzel,Elisa Anzelmo,,,@Azure/avm-res-automation-automationaccount-module-owners-bicep,@Azure/avm-res-automation-automationaccount-module-contributors-bicep,AVM Resource Module for Automation Account,,2023-12
Microsoft.AVS,privateClouds,AVS Private Cloud,avm/res/avs/private-cloud,Proposed :new:,https://github.com/Azure/bicep-registry-modules/tree/main/avm/res/avs/private-cloud,br/public:avm/res/avs/private-cloud:X.Y.Z,46d3xbcp.res.avs-privatecloud,vivalada,Victor Saad Bueno Valadares,,,@Azure/avm-res-avs-privatecloud-module-owners-bicep,@Azure/avm-res-avs-privatecloud-module-contributors-bicep,AVM Resource Module for AVS Private Cloud,,
Microsoft.AzureStackHCI,clusters,Azure Stack HCI Cluster,avm/res/azure-stack-hci/cluster,Proposed :new:,https://github.com/Azure/bicep-registry-modules/tree/main/avm/res/azure-stack-hci/cluster,br/public:avm/res/azure-stack-hci/cluster:X.Y.Z,46d3xbcp.res.azurestackhci-cluster,mbrat2005,Matthew Bratschun,,,@Azure/avm-res-azurestackhci-cluster-module-owners-bicep,@Azure/avm-res-azurestackhci-cluster-module-contributors-bicep,AVM Resource Module for Azure Stack HCI Cluster,,
Microsoft.AzureStackHCI,networkInterfaces,Azure Stack HCI Network Interface,avm/res/azure-stack-hci/network-interface,Proposed :new:,https://github.com/Azure/bicep-registry-modules/tree/main/avm/res/azure-stack-hci/network-interface,br/public:avm/res/azure-stack-hci/network-interface:X.Y.Z,46d3xbcp.res.azurestackhci-networkinterface,mbrat2005,Matthew Bratschun,,,@Azure/avm-res-azurestackhci-networkinterface-module-owners-bicep,@Azure/avm-res-azurestackhci-networkinterface-module-contributors-bicep,AVM Resource Module for Azure Stack HCI Network Interface,,
Microsoft.AzureStackHCI,virtualHardDisks,Azure Stack HCI Hard Disk,avm/res/azure-stack-hci/virtual-hard-disk,Proposed :new:,https://github.com/Azure/bicep-registry-modules/tree/main/avm/res/azure-stack-hci/virtual-hard-disk,br/public:avm/res/azure-stack-hci/virtual-hard-disk:X.Y.Z,46d3xbcp.res.azurestackhci-virtualharddisk,mbrat2005,Matthew Bratschun,,,@Azure/avm-res-azurestackhci-virtualharddisk-module-owners-bicep,@Azure/avm-res-azurestackhci-virtualharddisk-module-contributors-bicep,AVM Resource Module for Azure Stack HCI Hard Disk,,
Microsoft.AzureStackHCI,virtualMachineInstances,Azure Stack HCI Virtual Machine Instance,avm/res/azure-stack-hci/virtual-machine-instance,Proposed :new:,https://github.com/Azure/bicep-registry-modules/tree/main/avm/res/azure-stack-hci/virtual-machine-instance,br/public:avm/res/azure-stack-hci/virtual-machine-instance:X.Y.Z,46d3xbcp.res.azurestackhci-virtualmachineinstance,mbrat2005,Matthew Bratschun,,,@Azure/avm-res-azurestackhci-virtualmachineinstance-module-owners-bicep,@Azure/avm-res-azurestackhci-virtualmachineinstance-module-contributors-bicep,AVM Resource Module for Azure Stack HCI Virtual Machine Instance,,
Microsoft.Batch,batchAccounts,Batch Account,avm/res/batch/batch-account,Available :green_circle:,https://github.com/Azure/bicep-registry-modules/tree/main/avm/res/batch/batch-account,br/public:avm/res/batch/batch-account:X.Y.Z,46d3xbcp.res.batch-batchaccount,didayal-msft,Divyadeep Dayal,,,@Azure/avm-res-batch-batchaccount-module-owners-bicep,@Azure/avm-res-batch-batchaccount-module-contributors-bicep,AVM Resource Module for Batch Account,,2023-11
Microsoft.Cache,Redis,Redis Cache,avm/res/cache/redis,Available :green_circle:,https://github.com/Azure/bicep-registry-modules/tree/main/avm/res/cache/redis,br/public:avm/res/cache/redis:X.Y.Z,46d3xbcp.res.cache-redis,hundredacres,Matt Schmitt,,,@Azure/avm-res-cache-redis-module-owners-bicep,@Azure/avm-res-cache-redis-module-contributors-bicep,AVM Resource Module for Redis Cache,,2024-01
Microsoft.Cdn,profiles,CDN Profile,avm/res/cdn/profile,Available :green_circle:,https://github.com/Azure/bicep-registry-modules/tree/main/avm/res/cdn/profile,br/public:avm/res/cdn/profile:X.Y.Z,46d3xbcp.res.cdn-profile,gbeaud,Guillaume Beaud,,,@Azure/avm-res-cdn-profile-module-owners-bicep,@Azure/avm-res-cdn-profile-module-contributors-bicep,AVM Resource Module for CDN Profile,,2024-03
Microsoft.CognitiveServices,accounts,Cognitive Service,avm/res/cognitive-services/account,Available :green_circle:,https://github.com/Azure/bicep-registry-modules/tree/main/avm/res/cognitive-services/account,br/public:avm/res/cognitive-services/account:X.Y.Z,46d3xbcp.res.cognitiveservices-account,ilhaan,Ilhaan Rasheed,jceval,Javier Cevallos,@Azure/avm-res-cognitiveservices-account-module-owners-bicep,@Azure/avm-res-cognitiveservices-account-module-contributors-bicep,AVM Resource Module for Cognitive Service,,2023-10
Microsoft.Communication,communicationServices,Communication Service,avm/res/communication/communication-service,Available :green_circle:,https://github.com/Azure/bicep-registry-modules/tree/main/avm/res/communication/communication-service,br/public:avm/res/communication/communication-service:X.Y.Z,46d3xbcp.res.communication-communicationservice,krbar,Kris Baranek,,,@Azure/avm-res-communication-communicationservice-module-owners-bicep,@Azure/avm-res-communication-communicationservice-module-contributors-bicep,AVM Resource Module for Communication Service,,2024-05
Microsoft.Communication,emailServices,Email Communication Service,avm/res/communication/email-service,Available :green_circle:,https://github.com/Azure/bicep-registry-modules/tree/main/avm/res/communication/email-service,br/public:avm/res/communication/email-service:X.Y.Z,46d3xbcp.res.communication-emailservice,krbar,Kris Baranek,,,@Azure/avm-res-communication-emailservice-module-owners-bicep,@Azure/avm-res-communication-emailservice-module-contributors-bicep,AVM Resource Module for Email Communication Service,,2024-05
Microsoft.Compute,availabilitySets,Availability Set,avm/res/compute/availability-set,Available :green_circle:,https://github.com/Azure/bicep-registry-modules/tree/main/avm/res/compute/availability-set,br/public:avm/res/compute/availability-set:X.Y.Z,46d3xbcp.res.compute-availabilityset,ahmadabdalla,Ahmad Abdalla,,,@Azure/avm-res-compute-availabilityset-module-owners-bicep,@Azure/avm-res-compute-availabilityset-module-contributors-bicep,AVM Resource Module for Availability Set,,2024-02
Microsoft.Compute,disks,Compute Disk,avm/res/compute/disk,Available :green_circle:,https://github.com/Azure/bicep-registry-modules/tree/main/avm/res/compute/disk,br/public:avm/res/compute/disk:X.Y.Z,46d3xbcp.res.compute-disk,segraef,Sebastian Graef,,,@Azure/avm-res-compute-disk-module-owners-bicep,@Azure/avm-res-compute-disk-module-contributors-bicep,AVM Resource Module for Compute Disk,,2024-01
Microsoft.Compute,diskEncryptionSets,Disk Encryption Set,avm/res/compute/disk-encryption-set,Available :green_circle:,https://github.com/Azure/bicep-registry-modules/tree/main/avm/res/compute/disk-encryption-set,br/public:avm/res/compute/disk-encryption-set:X.Y.Z,46d3xbcp.res.compute-diskencryptionset,segraef,Sebastian Graef,,,@Azure/avm-res-compute-diskencryptionset-module-owners-bicep,@Azure/avm-res-compute-diskencryptionset-module-contributors-bicep,AVM Resource Module for Disk Encryption Set,,2024-01
Microsoft.Compute,galleries,Azure Compute Gallery,avm/res/compute/gallery,Available :green_circle:,https://github.com/Azure/bicep-registry-modules/tree/main/avm/res/compute/gallery,br/public:avm/res/compute/gallery:X.Y.Z,46d3xbcp.res.compute-gallery,ReneHezser,Rene Hezser,,,@Azure/avm-res-compute-gallery-module-owners-bicep,@Azure/avm-res-compute-gallery-module-contributors-bicep,AVM Resource Module for Azure Compute Gallery,,2023-12
Microsoft.Compute,images,Image,avm/res/compute/image,Available :green_circle:,https://github.com/Azure/bicep-registry-modules/tree/main/avm/res/compute/image,br/public:avm/res/compute/image:X.Y.Z,46d3xbcp.res.compute-image,tony-box,Tony Box,,,@Azure/avm-res-compute-image-module-owners-bicep,@Azure/avm-res-compute-image-module-contributors-bicep,AVM Resource Module for Image,,2024-01
Microsoft.Compute,proximityPlacementGroups,Proximity Placement Group,avm/res/compute/proximity-placement-group,Available :green_circle:,https://github.com/Azure/bicep-registry-modules/tree/main/avm/res/compute/proximity-placement-group,br/public:avm/res/compute/proximity-placement-group:X.Y.Z,46d3xbcp.res.compute-proximityplacementgroup,jeetgarg,Jeet Garg,,,@Azure/avm-res-compute-proximityplacementgroup-module-owners-bicep,@Azure/avm-res-compute-proximityplacementgroup-module-contributors-bicep,AVM Resource Module for Proximity Placement Group,,2024-01
Microsoft.Compute,sshPublicKeys,Public SSH Key,avm/res/compute/ssh-public-key,Available :green_circle:,https://github.com/Azure/bicep-registry-modules/tree/main/avm/res/compute/ssh-public-key,br/public:avm/res/compute/ssh-public-key:X.Y.Z,46d3xbcp.res.compute-sshpublickey,ChrisSidebotham,Chris Sidebotham,,,@Azure/avm-res-compute-sshpublickey-module-owners-bicep,@Azure/avm-res-compute-sshpublickey-module-contributors-bicep,AVM Resource Module for Public SSH Key,,2023-10
Microsoft.Compute,virtualMachines,Virtual Machine,avm/res/compute/virtual-machine,Available :green_circle:,https://github.com/Azure/bicep-registry-modules/tree/main/avm/res/compute/virtual-machine,br/public:avm/res/compute/virtual-machine:X.Y.Z,46d3xbcp.res.compute-virtualmachine,rahalan,Rainer Halanek,,,@Azure/avm-res-compute-virtualmachine-module-owners-bicep,@Azure/avm-res-compute-virtualmachine-module-contributors-bicep,AVM Resource Module for Virtual Machine,,2024-01
Microsoft.Compute,virtualMachineScaleSets,Virtual Machine Scale Set,avm/res/compute/virtual-machine-scale-set,Available :green_circle:,https://github.com/Azure/bicep-registry-modules/tree/main/avm/res/compute/virtual-machine-scale-set,br/public:avm/res/compute/virtual-machine-scale-set:X.Y.Z,46d3xbcp.res.compute-virtualmachinescaleset,rahalan,Rainer Halanek,,,@Azure/avm-res-compute-virtualmachinescaleset-module-owners-bicep,@Azure/avm-res-compute-virtualmachinescaleset-module-contributors-bicep,AVM Resource Module for Virtual Machine Scale Set,,2024-03
Microsoft.Consumption,budgets,Consumption Budget,avm/res/consumption/budget,Available :green_circle:,https://github.com/Azure/bicep-registry-modules/tree/main/avm/res/consumption/budget,br/public:avm/res/consumption/budget:X.Y.Z,46d3xbcp.res.consumption-budget,segraef,Sebastian Graef,,,@Azure/avm-res-consumption-budget-module-owners-bicep,@Azure/avm-res-consumption-budget-module-contributors-bicep,AVM Resource Module for Consumption Budget,,2024-01
Microsoft.ContainerInstance,containerGroups,Container Instance,avm/res/container-instance/container-group,Available :green_circle:,https://github.com/Azure/bicep-registry-modules/tree/main/avm/res/container-instance/container-group,br/public:avm/res/container-instance/container-group:X.Y.Z,46d3xbcp.res.containerinstance-containergroup,JPEasier,Julian Peißker,,,@Azure/avm-res-containerinstance-containergroup-module-owners-bicep,@Azure/avm-res-containerinstance-containergroup-module-contributors-bicep,AVM Resource Module for Container Instance,,2024-03
Microsoft.ContainerRegistry,registries,Azure Container Registry (ACR),avm/res/container-registry/registry,Available :green_circle:,https://github.com/Azure/bicep-registry-modules/tree/main/avm/res/container-registry/registry,br/public:avm/res/container-registry/registry:X.Y.Z,46d3xbcp.res.containerregistry-registry,JPEasier,Julian Peißker,,,@Azure/avm-res-containerregistry-registry-module-owners-bicep,@Azure/avm-res-containerregistry-registry-module-contributors-bicep,AVM Resource Module for Azure Container Registry (ACR),,2024-01
Microsoft.ContainerService,managedClusters,Azure Kubernetes Service (AKS) Managed Cluster,avm/res/container-service/managed-cluster,Available :green_circle:,https://github.com/Azure/bicep-registry-modules/tree/main/avm/res/container-service/managed-cluster,br/public:avm/res/container-service/managed-cluster:X.Y.Z,46d3xbcp.res.containerservice-managedcluster,JPEasier,Julian Peißker,ilhaan,Ilhaan Rasheed,@Azure/avm-res-containerservice-managedcluster-module-owners-bicep,@Azure/avm-res-containerservice-managedcluster-module-contributors-bicep,AVM Resource Module for Azure Kubernetes Service (AKS) Managed Cluster,,2024-01
Microsoft.Dashboard,grafana,Azure Managed Grafana,avm/res/dashboard/grafana,Proposed :new:,https://github.com/Azure/bicep-registry-modules/tree/main/avm/res/dashboard/grafana,br/public:avm/res/dashboard/grafana:X.Y.Z,46d3xbcp.res.dashboard-grafana,vlahane,Vishal Lahane,,,@Azure/avm-res-dashboard-grafana-module-owners-bicep,@Azure/avm-res-dashboard-grafana-module-contributors-bicep,AVM Resource Module for Azure Managed Grafana,,
Microsoft.Databricks,accessConnectors,Azure Databricks Access Connector,avm/res/databricks/access-connector,Available :green_circle:,https://github.com/Azure/bicep-registry-modules/tree/main/avm/res/databricks/access-connector,br/public:avm/res/databricks/access-connector:X.Y.Z,46d3xbcp.res.databricks-accessconnector,clintgrove,Clint Grove,,,@Azure/avm-res-databricks-accessconnector-module-owners-bicep,@Azure/avm-res-databricks-accessconnector-module-contributors-bicep,AVM Resource Module for Azure Databricks Access Connector,,2024-01
Microsoft.Databricks,workspaces,Azure Databricks Workspace,avm/res/databricks/workspace,Available :green_circle:,https://github.com/Azure/bicep-registry-modules/tree/main/avm/res/databricks/workspace,br/public:avm/res/databricks/workspace:X.Y.Z,46d3xbcp.res.databricks-workspace,clintgrove,Clint Grove,,,@Azure/avm-res-databricks-workspace-module-owners-bicep,@Azure/avm-res-databricks-workspace-module-contributors-bicep,AVM Resource Module for Azure Databricks Workspace,,2024-01
Microsoft.DataFactory,factories,Data Factory,avm/res/data-factory/factory,Available :green_circle:,https://github.com/Azure/bicep-registry-modules/tree/main/avm/res/data-factory/factory,br/public:avm/res/data-factory/factory:X.Y.Z,46d3xbcp.res.datafactory-factory,clintgrove,Clint Grove,,,@Azure/avm-res-datafactory-factory-module-owners-bicep,@Azure/avm-res-datafactory-factory-module-contributors-bicep,AVM Resource Module for Data Factory,,2023-12
Microsoft.DataProtection,backupVaults,Data Protection Backup Vault,avm/res/data-protection/backup-vault,Available :green_circle:,https://github.com/Azure/bicep-registry-modules/tree/main/avm/res/data-protection/backup-vault,br/public:avm/res/data-protection/backup-vault:X.Y.Z,46d3xbcp.res.dataprotection-backupvault,hundredacres,Matt Schmitt,,,@Azure/avm-res-dataprotection-backupvault-module-owners-bicep,@Azure/avm-res-dataprotection-backupvault-module-contributors-bicep,AVM Resource Module for Data Protection Backup Vault,,2024-01
Microsoft.DBforMySQL,flexibleServers,DB for MySQL Flexible Server,avm/res/db-for-my-sql/flexible-server,Available :green_circle:,https://github.com/Azure/bicep-registry-modules/tree/main/avm/res/db-for-my-sql/flexible-server,br/public:avm/res/db-for-my-sql/flexible-server:X.Y.Z,46d3xbcp.res.dbformysql-flexibleserver,hundredacres,Matt Schmitt,,,@Azure/avm-res-dbformysql-flexibleserver-module-owners-bicep,@Azure/avm-res-dbformysql-flexibleserver-module-contributors-bicep,AVM Resource Module for DB for MySQL Flexible Server,,2024-01
Microsoft.DBforPostgreSQL,flexibleServers,DB for Postgre SQL Flexible Server,avm/res/db-for-postgre-sql/flexible-server,Available :green_circle:,https://github.com/Azure/bicep-registry-modules/tree/main/avm/res/db-for-postgre-sql/flexible-server,br/public:avm/res/db-for-postgre-sql/flexible-server:X.Y.Z,46d3xbcp.res.dbforpostgresql-flexibleserver,josearper,Jose Arias,,,@Azure/avm-res-dbforpostgresql-flexibleserver-module-owners-bicep,@Azure/avm-res-dbforpostgresql-flexibleserver-module-contributors-bicep,AVM Resource Module for DB for Postgre SQL Flexible Server,,2023-11
Microsoft.DesktopVirtualization,applicationGroups,Azure Virtual Desktop (AVD) Application Group,avm/res/desktop-virtualization/application-group,Available :green_circle:,https://github.com/Azure/bicep-registry-modules/tree/main/avm/res/desktop-virtualization/application-group,br/public:avm/res/desktop-virtualization/application-group:X.Y.Z,46d3xbcp.res.desktopvirtualization-appgroup,moisesjgomez,Moises Gomez Cortez,danycontre,Dany Contreras,@Azure/avm-res-desktopvirtualization-applicationgroup-module-owners-bicep,@Azure/avm-res-desktopvirtualization-applicationgroup-module-contributors-bicep,AVM Resource Module for Azure Virtual Desktop (AVD) Application Group,,2024-02
Microsoft.DesktopVirtualization,hostPools,Azure Virtual Desktop (AVD) Host Pool,avm/res/desktop-virtualization/host-pool,Available :green_circle:,https://github.com/Azure/bicep-registry-modules/tree/main/avm/res/desktop-virtualization/host-pool,br/public:avm/res/desktop-virtualization/host-pool:X.Y.Z,46d3xbcp.res.desktopvirtualization-hostpool,danycontre,Dany Contreras,moisesjgomez,Moises Gomez Cortez,@Azure/avm-res-desktopvirtualization-hostpool-module-owners-bicep,@Azure/avm-res-desktopvirtualization-hostpool-module-contributors-bicep,AVM Resource Module for Azure Virtual Desktop (AVD) Host Pool,,2024-02
Microsoft.DesktopVirtualization,scalingPlans,Azure Virtual Desktop (AVD) Scaling Plan,avm/res/desktop-virtualization/scaling-plan,Available :green_circle:,https://github.com/Azure/bicep-registry-modules/tree/main/avm/res/desktop-virtualization/scaling-plan,br/public:avm/res/desktop-virtualization/scaling-plan:X.Y.Z,46d3xbcp.res.desktopvirtualization-scalingplan,danycontre,Dany Contreras,moisesjgomez,Moises Gomez Cortez,@Azure/avm-res-desktopvirtualization-scalingplan-module-owners-bicep,@Azure/avm-res-desktopvirtualization-scalingplan-module-contributors-bicep,AVM Resource Module for Azure Virtual Desktop (AVD) Scaling Plan,,2024-02
Microsoft.DesktopVirtualization,workspaces,Azure Virtual Desktop (AVD) Workspace,avm/res/desktop-virtualization/workspace,Available :green_circle:,https://github.com/Azure/bicep-registry-modules/tree/main/avm/res/desktop-virtualization/workspace,br/public:avm/res/desktop-virtualization/workspace:X.Y.Z,46d3xbcp.res.desktopvirtualization-workspace,moisesjgomez,Moises Gomez Cortez,danycontre,Dany Contreras,@Azure/avm-res-desktopvirtualization-workspace-module-owners-bicep,@Azure/avm-res-desktopvirtualization-workspace-module-contributors-bicep,AVM Resource Module for Azure Virtual Desktop (AVD) Workspace,,2024-02
Microsoft.DevCenter,devcenters,Dev Center,avm/res/dev-center/devcenter,Proposed :new:,https://github.com/Azure/bicep-registry-modules/tree/main/avm/res/dev-center/devcenter,br/public:avm/res/dev-center/devcenter:X.Y.Z,46d3xbcp.res.devcenter-devcenter,lohithgn,Lohith Goudagere Nagaraj,,,@Azure/avm-res-devcenter-devcenter-module-owners-bicep,@Azure/avm-res-devcenter-devcenter-module-contributors-bicep,AVM Resource Module for Dev Center,,
Microsoft.DevTestLab,labs,DevTest Lab,avm/res/dev-test-lab/lab,Available :green_circle:,https://github.com/Azure/bicep-registry-modules/tree/main/avm/res/dev-test-lab/lab,br/public:avm/res/dev-test-lab/lab:X.Y.Z,46d3xbcp.res.devtestlab-lab,ahmadabdalla,Ahmad Abdalla,,,@Azure/avm-res-devtestlab-lab-module-owners-bicep,@Azure/avm-res-devtestlab-lab-module-contributors-bicep,AVM Resource Module for DevTest Lab,,2024-02
Microsoft.DigitalTwins,digitalTwinsInstances,Digital Twins Instance,avm/res/digital-twins/digital-twins-instance,Available :green_circle:,https://github.com/Azure/bicep-registry-modules/tree/main/avm/res/digital-twins/digital-twins-instance,br/public:avm/res/digital-twins/digital-twins-instance:X.Y.Z,46d3xbcp.res.digitaltwins-digitaltwinsinstance,ryanmstephens,Ryan Stephens,,,@Azure/avm-res-digitaltwins-digitaltwinsinstance-module-owners-bicep,@Azure/avm-res-digitaltwins-digitaltwinsinstance-module-contributors-bicep,AVM Resource Module for Digital Twins Instance,,2024-03
Microsoft.DocumentDB,databaseAccount,CosmosDB Database Account,avm/res/document-db/database-account,Available :green_circle:,https://github.com/Azure/bicep-registry-modules/tree/main/avm/res/document-db/database-account,br/public:avm/res/document-db/database-account:X.Y.Z,46d3xbcp.res.documentdb-databaseaccount,bryansan-msft,Bryan Sanchez Pernia,,,@Azure/avm-res-documentdb-databaseaccount-module-owners-bicep,@Azure/avm-res-documentdb-databaseaccount-module-contributors-bicep,AVM Resource Module for CosmosDB Database Account,,2023-12
Microsoft.EventGrid,domains,Event Grid Domain,avm/res/event-grid/domain,Available :green_circle:,https://github.com/Azure/bicep-registry-modules/tree/main/avm/res/event-grid/domain,br/public:avm/res/event-grid/domain:X.Y.Z,46d3xbcp.res.eventgrid-domain,fabmas,Fabio Masciotra,,,@Azure/avm-res-eventgrid-domain-module-owners-bicep,@Azure/avm-res-eventgrid-domain-module-contributors-bicep,AVM Resource Module for Event Grid Domain,,2023-11
Microsoft.EventGrid,namespaces,Event Grid Namespace,avm/res/event-grid/namespace,Available :green_circle:,https://github.com/Azure/bicep-registry-modules/tree/main/avm/res/event-grid/namespace,br/public:avm/res/event-grid/namespace:X.Y.Z,46d3xbcp.res.eventgrid-namespace,fabmas,Fabio Masciotra,,,@Azure/avm-res-eventgrid-namespace-module-owners-bicep,@Azure/avm-res-eventgrid-namespace-module-contributors-bicep,AVM Resource Module for Event Grid Namespace,,2024-03
Microsoft.EventGrid,systemTopics,Event Grid System Topic,avm/res/event-grid/system-topic,Available :green_circle:,https://github.com/Azure/bicep-registry-modules/tree/main/avm/res/event-grid/system-topic,br/public:avm/res/event-grid/system-topic:X.Y.Z,46d3xbcp.res.eventgrid-systemtopic,fabmas,Fabio Masciotra,,,@Azure/avm-res-eventgrid-systemtopic-module-owners-bicep,@Azure/avm-res-eventgrid-systemtopic-module-contributors-bicep,AVM Resource Module for Event Grid System Topic,,2023-11
Microsoft.EventGrid,topics,Event Grid Topic,avm/res/event-grid/topic,Available :green_circle:,https://github.com/Azure/bicep-registry-modules/tree/main/avm/res/event-grid/topic,br/public:avm/res/event-grid/topic:X.Y.Z,46d3xbcp.res.eventgrid-topic,fabmas,Fabio Masciotra,,,@Azure/avm-res-eventgrid-topic-module-owners-bicep,@Azure/avm-res-eventgrid-topic-module-contributors-bicep,AVM Resource Module for Event Grid Topic,,2023-11
Microsoft.EventHub,namespaces,Event Hub Namespace,avm/res/event-hub/namespace,Available :green_circle:,https://github.com/Azure/bicep-registry-modules/tree/main/avm/res/event-hub/namespace,br/public:avm/res/event-hub/namespace:X.Y.Z,46d3xbcp.res.eventhub-namespace,elanzel,Elisa Anzelmo,,,@Azure/avm-res-eventhub-namespace-module-owners-bicep,@Azure/avm-res-eventhub-namespace-module-contributors-bicep,AVM Resource Module for Event Hub Namespace,,2024-03
Microsoft.HealthBot,healthBots,Azure Health Bot,avm/res/health-bot/health-bot,Orphaned :eyes:,https://github.com/Azure/bicep-registry-modules/tree/main/avm/res/health-bot/health-bot,br/public:avm/res/health-bot/health-bot:X.Y.Z,46d3xbcp.res.healthbot-healthbot,,,,,@Azure/avm-res-healthbot-healthbot-module-owners-bicep,@Azure/avm-res-healthbot-healthbot-module-contributors-bicep,AVM Resource Module for Azure Health Bot,,2024-01
Microsoft.HealthcareApis,workspaces,Healthcare API Workspace,avm/res/healthcare-apis/workspace,Orphaned :eyes:,https://github.com/Azure/bicep-registry-modules/tree/main/avm/res/healthcare-apis/workspace,br/public:avm/res/healthcare-apis/workspace:X.Y.Z,46d3xbcp.res.healthcareapis-workspace,,,,,@Azure/avm-res-healthcareapis-workspace-module-owners-bicep,@Azure/avm-res-healthcareapis-workspace-module-contributors-bicep,AVM Resource Module for Healthcare API Workspace,,2024-04
Microsoft.HybridCompute,machines,Hybrid Compute Machine,avm/res/hybrid-compute/machine,Proposed :new:,https://github.com/Azure/bicep-registry-modules/tree/main/avm/res/hybrid-compute/machine,br/public:avm/res/hybrid-compute/machine:X.Y.Z,46d3xbcp.res.hybridcompute-machine,mbrat2005,Matthew Bratschun,,,@Azure/avm-res-hybridcompute-machine-module-owners-bicep,@Azure/avm-res-hybridcompute-machine-module-contributors-bicep,AVM Resource Module for Hybrid Compute Machine,,
Microsoft.Insights,actionGroups,Action Group,avm/res/insights/action-group,Available :green_circle:,https://github.com/Azure/bicep-registry-modules/tree/main/avm/res/insights/action-group,br/public:avm/res/insights/action-group:X.Y.Z,46d3xbcp.res.insights-actiongroup,rahalan,Rainer Halanek,,,@Azure/avm-res-insights-actiongroup-module-owners-bicep,@Azure/avm-res-insights-actiongroup-module-contributors-bicep,AVM Resource Module for Action Group,,2023-10
Microsoft.Insights,activityLogAlerts,Activity Log Alert,avm/res/insights/activity-log-alert,Available :green_circle:,https://github.com/Azure/bicep-registry-modules/tree/main/avm/res/insights/activity-log-alert,br/public:avm/res/insights/activity-log-alert:X.Y.Z,46d3xbcp.res.insights-activitylogalert,donk-msft,Don Koning,,,@Azure/avm-res-insights-activitylogalert-module-owners-bicep,@Azure/avm-res-insights-activitylogalert-module-contributors-bicep,AVM Resource Module for Activity Log Alert,,2023-12
Microsoft.Insights,components,Application Insight,avm/res/insights/component,Available :green_circle:,https://github.com/Azure/bicep-registry-modules/tree/main/avm/res/insights/component,br/public:avm/res/insights/component:X.Y.Z,46d3xbcp.res.insights-component,krbar,Kris Baranek,,,@Azure/avm-res-insights-component-module-owners-bicep,@Azure/avm-res-insights-component-module-contributors-bicep,AVM Resource Module for Application Insight,,2023-11
Microsoft.Insights,dataCollectionEndpoints,Data Collection Endpoint,avm/res/insights/data-collection-endpoint,Available :green_circle:,https://github.com/Azure/bicep-registry-modules/tree/main/avm/res/insights/data-collection-endpoint,br/public:avm/res/insights/data-collection-endpoint:X.Y.Z,46d3xbcp.res.insights-datacollectionendpoint,krbar,Kris Baranek,,,@Azure/avm-res-insights-datacollectionendpoint-module-owners-bicep,@Azure/avm-res-insights-datacollectionendpoint-module-contributors-bicep,AVM Resource Module for Data Collection Endpoint,,2023-12
Microsoft.Insights,dataCollectionRuleAssociations,Data Collection Rule,avm/res/insights/data-collection-rule,Available :green_circle:,https://github.com/Azure/bicep-registry-modules/tree/main/avm/res/insights/data-collection-rule,br/public:avm/res/insights/data-collection-rule:X.Y.Z,46d3xbcp.res.insights-datacollectionrule,krbar,Kris Baranek,,,@Azure/avm-res-insights-datacollectionrule-module-owners-bicep,@Azure/avm-res-insights-datacollectionrule-module-contributors-bicep,AVM Resource Module for Data Collection Rule,,2023-12
Microsoft.Insights,diagnosticSettings,Diagnostic Setting,avm/res/insights/diagnostic-setting,Available :green_circle:,https://github.com/Azure/bicep-registry-modules/tree/main/avm/res/insights/diagnostic-setting,br/public:avm/res/insights/diagnostic-setting:X.Y.Z,46d3xbcp.res.insights-diagnosticsetting,krbar,Kris Baranek,,,@Azure/avm-res-insights-diagnosticsetting-module-owners-bicep,@Azure/avm-res-insights-diagnosticsetting-module-contributors-bicep,AVM Resource Module for Diagnostic Setting,,2023-11
Microsoft.Insights,metricAlerts,Metric Alert,avm/res/insights/metric-alert,Available :green_circle:,https://github.com/Azure/bicep-registry-modules/tree/main/avm/res/insights/metric-alert,br/public:avm/res/insights/metric-alert:X.Y.Z,46d3xbcp.res.insights-metricalert,kijunkang,Ki Jun Kang,,,@Azure/avm-res-insights-metricalert-module-owners-bicep,@Azure/avm-res-insights-metricalert-module-contributors-bicep,AVM Resource Module for Metric Alert,,2023-12
Microsoft.Insights,privateLinkScopes,Azure Monitor Private Link Scope,avm/res/insights/private-link-scope,Available :green_circle:,https://github.com/Azure/bicep-registry-modules/tree/main/avm/res/insights/private-link-scope,br/public:avm/res/insights/private-link-scope:X.Y.Z,46d3xbcp.res.insights-privatelinkscope,ahmadabdalla,Ahmad Abdalla,,,@Azure/avm-res-insights-privatelinkscope-module-owners-bicep,@Azure/avm-res-insights-privatelinkscope-module-contributors-bicep,AVM Resource Module for Azure Monitor Private Link Scope,,2024-02
Microsoft.Insights,scheduledQueryRules,Scheduled Query Rule,avm/res/insights/scheduled-query-rule,Available :green_circle:,https://github.com/Azure/bicep-registry-modules/tree/main/avm/res/insights/scheduled-query-rule,br/public:avm/res/insights/scheduled-query-rule:X.Y.Z,46d3xbcp.res.insights-scheduledqueryrule,emichellecarter,Michelle Carter,,,@Azure/avm-res-insights-scheduledqueryrule-module-owners-bicep,@Azure/avm-res-insights-scheduledqueryrule-module-contributors-bicep,AVM Resource Module for Scheduled Query Rule,,2023-12
Microsoft.Insights,webtests,Web Test,avm/res/insights/webtest,Available :green_circle:,https://github.com/Azure/bicep-registry-modules/tree/main/avm/res/insights/webtest,br/public:avm/res/insights/webtest:X.Y.Z,46d3xbcp.res.insights-webtest,Jfolberth,John Folberth,,,@Azure/avm-res-insights-webtest-module-owners-bicep,@Azure/avm-res-insights-webtest-module-contributors-bicep,AVM Resource Module for Web Test,,2023-12
Microsoft.KeyVault,vaults,Key Vault,avm/res/key-vault/vault,Available :green_circle:,https://github.com/Azure/bicep-registry-modules/tree/main/avm/res/key-vault/vault,br/public:avm/res/key-vault/vault:X.Y.Z,46d3xbcp.res.keyvault-vault,fblix,Felix Borst,,,@Azure/avm-res-keyvault-vault-module-owners-bicep,@Azure/avm-res-keyvault-vault-module-contributors-bicep,AVM Resource Module for Key Vault,,2023-10
Microsoft.KubernetesConfiguration,extensions,Kubernetes Configuration Extension,avm/res/kubernetes-configuration/extension,Available :green_circle:,https://github.com/Azure/bicep-registry-modules/tree/main/avm/res/kubernetes-configuration/extension,br/public:avm/res/kubernetes-configuration/extension:X.Y.Z,46d3xbcp.res.kubernetesconfiguration-extension,JPEasier,Julian Peißker,,,@Azure/avm-res-kubernetesconfiguration-extension-module-owners-bicep,@Azure/avm-res-kubernetesconfiguration-extension-module-contributors-bicep,AVM Resource Module for Kubernetes Configuration Extension,,2023-10
Microsoft.KubernetesConfiguration,fluxConfigurations,Kubernetes Configuration Flux Configuration,avm/res/kubernetes-configuration/flux-configuration,Available :green_circle:,https://github.com/Azure/bicep-registry-modules/tree/main/avm/res/kubernetes-configuration/flux-configuration,br/public:avm/res/kubernetes-configuration/flux-configuration:X.Y.Z,46d3xbcp.res.kubernetesconfiguration-fluxconfig,JPEasier,Julian Peißker,,,@Azure/avm-res-kubernetesconfiguration-fluxconfiguration-module-owners-bicep,@Azure/avm-res-kubernetesconfiguration-fluxconfiguration-module-contributors-bicep,AVM Resource Module for Kubernetes Configuration Flux Configuration,,2023-10
Microsoft.Kusto,clusters,Azure Data Explorer (Kusto) cluster,avm/res/kusto/cluster,Proposed :new:,https://github.com/Azure/bicep-registry-modules/tree/main/avm/res/kusto/cluster,br/public:avm/res/kusto/cluster:X.Y.Z,46d3xbcp.res.kusto-cluster,oZakari,Zach Trocinski,,,@Azure/avm-res-kusto-cluster-module-owners-bicep,@Azure/avm-res-kusto-cluster-module-contributors-bicep,AVM Resource Module for Azure Data Explorer (Kusto) cluster,,
Microsoft.LoadTestService,loadTests,Load Testing Service,avm/res/load-test-service/load-test,Available :green_circle:,https://github.com/Azure/bicep-registry-modules/tree/main/avm/res/load-test-service/load-test,br/public:avm/res/load-test-service/load-test:X.Y.Z,46d3xbcp.res.loadtestservice-loadtest,sebassem,Seif Bassem,,,@Azure/avm-res-loadtestservice-loadtest-module-owners-bicep,@Azure/avm-res-loadtestservice-loadtest-module-contributors-bicep,AVM Resource Module for Load Testing Service,,2024-04
Microsoft.Logic,workflows,Logic Apps (Workflow),avm/res/logic/workflow,Available :green_circle:,https://github.com/Azure/bicep-registry-modules/tree/main/avm/res/logic/workflow,br/public:avm/res/logic/workflow:X.Y.Z,46d3xbcp.res.logic-workflow,lsnoddy,Luke Snoddy,,,@Azure/avm-res-logic-workflow-module-owners-bicep,@Azure/avm-res-logic-workflow-module-contributors-bicep,AVM Resource Module for Logic Apps (Workflow),,2023-11
Microsoft.MachineLearningServices,workspaces,Machine Learning Services Workspace,avm/res/machine-learning-services/workspace,Orphaned :eyes:,https://github.com/Azure/bicep-registry-modules/tree/main/avm/res/machine-learning-services/workspace,br/public:avm/res/machine-learning-services/workspace:X.Y.Z,46d3xbcp.res.machinelearningservices-workspace,,,,,@Azure/avm-res-machinelearningservices-workspace-module-owners-bicep,@Azure/avm-res-machinelearningservices-workspace-module-contributors-bicep,AVM Resource Module for Machine Learning Services Workspace,,2024-02
Microsoft.Maintenance,configurationAssignments,Maintenance Configuration Assignment,avm/res/maintenance/configuration-assignment,Proposed :new:,https://github.com/Azure/bicep-registry-modules/tree/main/avm/res/maintenance/configuration-assignment,br/public:avm/res/maintenance/configuration-assignment:X.Y.Z,46d3xbcp.res.maintenance-configurationassignment,,,,,@Azure/avm-res-maintenance-configurationassignment-module-owners-bicep,@Azure/avm-res-maintenance-configurationassignment-module-contributors-bicep,AVM Resource Module for Maintenance Configuration Assignment,,
Microsoft.Maintenance,maintenanceConfigurations,Maintenance Configuration,avm/res/maintenance/maintenance-configuration,Available :green_circle:,https://github.com/Azure/bicep-registry-modules/tree/main/avm/res/maintenance/maintenance-configuration,br/public:avm/res/maintenance/maintenance-configuration:X.Y.Z,46d3xbcp.res.maintenance-maintenanceconfiguration,arievanderwende,Arie van der Wende,,,@Azure/avm-res-maintenance-maintenanceconfiguration-module-owners-bicep,@Azure/avm-res-maintenance-maintenanceconfiguration-module-contributors-bicep,AVM Resource Module for Maintenance Configuration,,2023-12
Microsoft.ManagedIdentity,userAssignedIdentities,User Assigned Identity,avm/res/managed-identity/user-assigned-identity,Available :green_circle:,https://github.com/Azure/bicep-registry-modules/tree/main/avm/res/managed-identity/user-assigned-identity,br/public:avm/res/managed-identity/user-assigned-identity:X.Y.Z,46d3xbcp.res.managedidentity-userassignedidentity,elanzel,Elisa Anzelmo,,,@Azure/avm-res-managedidentity-userassignedidentity-module-owners-bicep,@Azure/avm-res-managedidentity-userassignedidentity-module-contributors-bicep,AVM Resource Module for User Assigned Identity,,2023-12
Microsoft.ManagedServices,registrationDefinitions,Registration Definition (Lighthouse),avm/res/managed-services/registration-definition,Orphaned :eyes:,https://github.com/Azure/bicep-registry-modules/tree/main/avm/res/managed-services/registration-definition,br/public:avm/res/managed-services/registration-definition:X.Y.Z,46d3xbcp.res.managedservices-registrationdef,,,,,@Azure/avm-res-managedservices-registrationdefinition-module-owners-bicep,@Azure/avm-res-managedservices-registrationdefinition-module-contributors-bicep,AVM Resource Module for Registration Definition (Lighthouse),,2024-04
Microsoft.Management,managementGroups,Management Group,avm/res/management/management-group,Available :green_circle:,https://github.com/Azure/bicep-registry-modules/tree/main/avm/res/management/management-group,br/public:avm/res/management/management-group:X.Y.Z,46d3xbcp.res.management-managementgroup,fblix,Felix Borst,,,@Azure/avm-res-management-managementgroup-module-owners-bicep,@Azure/avm-res-management-managementgroup-module-contributors-bicep,AVM Resource Module for Management Group,,2024-02
Microsoft.NetApp,netAppAccounts,Azure NetApp File,avm/res/net-app/net-app-account,Available :green_circle:,https://github.com/Azure/bicep-registry-modules/tree/main/avm/res/net-app/net-app-account,br/public:avm/res/net-app/net-app-account:X.Y.Z,46d3xbcp.res.netapp-netappaccount,fbinotto,Felipe Binotto,,,@Azure/avm-res-netapp-netappaccount-module-owners-bicep,@Azure/avm-res-netapp-netappaccount-module-contributors-bicep,AVM Resource Module for Azure NetApp File,,2024-01
Microsoft.Network,applicationGateway,Application Gateway,avm/res/network/application-gateway,Available :green_circle:,https://github.com/Azure/bicep-registry-modules/tree/main/avm/res/network/application-gateway,br/public:avm/res/network/application-gateway:X.Y.Z,46d3xbcp.res.network-appgw,ilhaan,Ilhaan Rasheed,,,@Azure/avm-res-network-applicationgateway-module-owners-bicep,@Azure/avm-res-network-applicationgateway-module-contributors-bicep,AVM Resource Module for Application Gateway,,2024-04
Microsoft.Network,ApplicationGatewayWebApplicationFirewallPolicies,Application Gateway Web Application Firewall (WAF) Policy,avm/res/network/application-gateway-web-application-firewall-policy,Available :green_circle:,https://github.com/Azure/bicep-registry-modules/tree/main/avm/res/network/application-gateway-web-application-firewall-policy,br/public:avm/res/network/application-gateway-web-application-firewall-policy:X.Y.Z,46d3xbcp.res.network-appgwwebappfirewallpolicy,ilhaan,Ilhaan Rasheed,,,@Azure/avm-res-network-applicationgatewaywebapplicationfirewallpolicy-module-owners-bicep,@Azure/avm-res-network-applicationgatewaywebapplicationfirewallpolicy-module-contributors-bicep,AVM Resource Module for Application Gateway Web Application Firewall (WAF) Policy,,2024-04
Microsoft.Network,applicationSecurityGroups,Application Security Group (ASG),avm/res/network/application-security-group,Available :green_circle:,https://github.com/Azure/bicep-registry-modules/tree/main/avm/res/network/application-security-group,br/public:avm/res/network/application-security-group:X.Y.Z,46d3xbcp.res.network-applicationsecuritygroup,segraef,Sebastian Graef,,,@Azure/avm-res-network-applicationsecuritygroup-module-owners-bicep,@Azure/avm-res-network-applicationsecuritygroup-module-contributors-bicep,AVM Resource Module for Application Security Group (ASG),,2023-12
Microsoft.Network,azureFirewall,Azure Firewall,avm/res/network/azure-firewall,Available :green_circle:,https://github.com/Azure/bicep-registry-modules/tree/main/avm/res/network/azure-firewall,br/public:avm/res/network/azure-firewall:X.Y.Z,46d3xbcp.res.network-azurefirewall,hundredacres,Matt Schmitt,,,@Azure/avm-res-network-azurefirewall-module-owners-bicep,@Azure/avm-res-network-azurefirewall-module-contributors-bicep,AVM Resource Module for Azure Firewall,,2024-03
Microsoft.Network,bastionHosts,Bastion Host,avm/res/network/bastion-host,Available :green_circle:,https://github.com/Azure/bicep-registry-modules/tree/main/avm/res/network/bastion-host,br/public:avm/res/network/bastion-host:X.Y.Z,46d3xbcp.res.network-bastionhost,krbar,Kris Baranek,,,@Azure/avm-res-network-bastionhost-module-owners-bicep,@Azure/avm-res-network-bastionhost-module-contributors-bicep,AVM Resource Module for Bastion Host,,2023-12
Microsoft.Network,connections,Virtual Network Gateway Connection,avm/res/network/connection,Available :green_circle:,https://github.com/Azure/bicep-registry-modules/tree/main/avm/res/network/connection,br/public:avm/res/network/connection:X.Y.Z,46d3xbcp.res.network-connection,fabmas,Fabio Masciotra,,,@Azure/avm-res-network-connection-module-owners-bicep,@Azure/avm-res-network-connection-module-contributors-bicep,AVM Resource Module for Virtual Network Gateway Connection,,2023-12
Microsoft.Network,ddosProtectionPlans,DDoS Protection Plan,avm/res/network/ddos-protection-plan,Available :green_circle:,https://github.com/Azure/bicep-registry-modules/tree/main/avm/res/network/ddos-protection-plan,br/public:avm/res/network/ddos-protection-plan:X.Y.Z,46d3xbcp.res.network-ddosprotectionplan,segraef,Sebastian Graef,,,@Azure/avm-res-network-ddosprotectionplan-module-owners-bicep,@Azure/avm-res-network-ddosprotectionplan-module-contributors-bicep,AVM Resource Module for DDoS Protection Plan,,2024-01
Microsoft.Network,dnsForwardingRulesets,DNS Forwarding Ruleset,avm/res/network/dns-forwarding-ruleset,Available :green_circle:,https://github.com/Azure/bicep-registry-modules/tree/main/avm/res/network/dns-forwarding-ruleset,br/public:avm/res/network/dns-forwarding-ruleset:X.Y.Z,46d3xbcp.res.network-dnsforwardingruleset,ChrisSidebotham,Chris Sidebotham,,,@Azure/avm-res-network-dnsforwardingruleset-module-owners-bicep,@Azure/avm-res-network-dnsforwardingruleset-module-contributors-bicep,AVM Resource Module for DNS Forwarding Ruleset,,2023-10
Microsoft.Network,dnsResolvers,DNS Resolver,avm/res/network/dns-resolver,Available :green_circle:,https://github.com/Azure/bicep-registry-modules/tree/main/avm/res/network/dns-resolver,br/public:avm/res/network/dns-resolver:X.Y.Z,46d3xbcp.res.network-dnsresolver,ChrisSidebotham,Chris Sidebotham,,,@Azure/avm-res-network-dnsresolver-module-owners-bicep,@Azure/avm-res-network-dnsresolver-module-contributors-bicep,AVM Resource Module for DNS Resolver,,2023-10
Microsoft.Network,dnsZones,Public DNS Zone,avm/res/network/dns-zone,Available :green_circle:,https://github.com/Azure/bicep-registry-modules/tree/main/avm/res/network/dns-zone,br/public:avm/res/network/dns-zone:X.Y.Z,46d3xbcp.res.network-dnszone,ChrisSidebotham,Chris Sidebotham,,,@Azure/avm-res-network-dnszone-module-owners-bicep,@Azure/avm-res-network-dnszone-module-contributors-bicep,AVM Resource Module for Public DNS Zone,,2023-10
Microsoft.Network,expressRouteCircuits,ExpressRoute Circuit,avm/res/network/express-route-circuit,Available :green_circle:,https://github.com/Azure/bicep-registry-modules/tree/main/avm/res/network/express-route-circuit,br/public:avm/res/network/express-route-circuit:X.Y.Z,46d3xbcp.res.network-expressroutecircuit,arnoldna,Nate Arnold,,,@Azure/avm-res-network-expressroutecircuit-module-owners-bicep,@Azure/avm-res-network-expressroutecircuit-module-contributors-bicep,AVM Resource Module for ExpressRoute Circuit,,2023-11
Microsoft.Network,expressRouteGateways,Express Route Gateway,avm/res/network/express-route-gateway,Available :green_circle:,https://github.com/Azure/bicep-registry-modules/tree/main/avm/res/network/express-route-gateway,br/public:avm/res/network/express-route-gateway:X.Y.Z,46d3xbcp.res.network-expressroutegateway,arnoldna,Nate Arnold,,,@Azure/avm-res-network-expressroutegateway-module-owners-bicep,@Azure/avm-res-network-expressroutegateway-module-contributors-bicep,AVM Resource Module for Express Route Gateway,,2023-11
Microsoft.Network,firewallPolicies,Firewall Policy,avm/res/network/firewall-policy,Available :green_circle:,https://github.com/Azure/bicep-registry-modules/tree/main/avm/res/network/firewall-policy,br/public:avm/res/network/firewall-policy:X.Y.Z,46d3xbcp.res.network-firewallpolicy,PaulJohnston88,Paul Johnston,,,@Azure/avm-res-network-firewallpolicy-module-owners-bicep,@Azure/avm-res-network-firewallpolicy-module-contributors-bicep,AVM Resource Module for Firewall Policy,,2024-01
Microsoft.Network,frontdoorOperationResults,Azure Front Door,avm/res/network/front-door,Available :green_circle:,https://github.com/Azure/bicep-registry-modules/tree/main/avm/res/network/front-door,br/public:avm/res/network/front-door:X.Y.Z,46d3xbcp.res.network-frontdoor,rozkurt,Recep Ozkurt,,,@Azure/avm-res-network-frontdoor-module-owners-bicep,@Azure/avm-res-network-frontdoor-module-contributors-bicep,AVM Resource Module for Azure Front Door,,2024-01
Microsoft.Network,frontDoorWebApplicationFirewallPolicies,Front Door Web Application Firewall (WAF) Policy,avm/res/network/front-door-web-application-firewall-policy,Available :green_circle:,https://github.com/Azure/bicep-registry-modules/tree/main/avm/res/network/front-door-web-application-firewall-policy,br/public:avm/res/network/front-door-web-application-firewall-policy:X.Y.Z,46d3xbcp.network-frontdoorwebappfirewallpolicy,PaulJohnston88,Paul Johnston,,,@Azure/avm-res-network-frontdoorwebapplicationfirewallpolicy-module-owners-bicep,@Azure/avm-res-network-frontdoorwebapplicationfirewallpolicy-module-contributors-bicep,AVM Resource Module for Front Door Web Application Firewall (WAF) Policy,,2024-01
Microsoft.Network,ipGroups,IP Group,avm/res/network/ip-group,Available :green_circle:,https://github.com/Azure/bicep-registry-modules/tree/main/avm/res/network/ip-group,br/public:avm/res/network/ip-group:X.Y.Z,46d3xbcp.res.network-ipgroup,ahmadabdalla,Ahmad Abdalla,,,@Azure/avm-res-network-ipgroup-module-owners-bicep,@Azure/avm-res-network-ipgroup-module-contributors-bicep,AVM Resource Module for IP Group,,2024-02
Microsoft.Network,loadBalancers,Load Balancer,avm/res/network/load-balancer,Available :green_circle:,https://github.com/Azure/bicep-registry-modules/tree/main/avm/res/network/load-balancer,br/public:avm/res/network/load-balancer:X.Y.Z,46d3xbcp.res.network-loadbalancer,arnoldna,Nate Arnold,,,@Azure/avm-res-network-loadbalancer-module-owners-bicep,@Azure/avm-res-network-loadbalancer-module-contributors-bicep,AVM Resource Module for Load Balancer,,2023-11
Microsoft.Network,localNetworkGateways,Local Network Gateway,avm/res/network/local-network-gateway,Available :green_circle:,https://github.com/Azure/bicep-registry-modules/tree/main/avm/res/network/local-network-gateway,br/public:avm/res/network/local-network-gateway:X.Y.Z,46d3xbcp.res.network-localnetworkgateway,fabmas,Fabio Masciotra,,,@Azure/avm-res-network-localnetworkgateway-module-owners-bicep,@Azure/avm-res-network-localnetworkgateway-module-contributors-bicep,AVM Resource Module for Local Network Gateway,,2024-01
Microsoft.Network,natGateways,NAT Gateway,avm/res/network/nat-gateway,Available :green_circle:,https://github.com/Azure/bicep-registry-modules/tree/main/avm/res/network/nat-gateway,br/public:avm/res/network/nat-gateway:X.Y.Z,46d3xbcp.res.network-natgateway,fabmas,Fabio Masciotra,,,@Azure/avm-res-network-natgateway-module-owners-bicep,@Azure/avm-res-network-natgateway-module-contributors-bicep,AVM Resource Module for NAT Gateway,,2024-01
Microsoft.Network,networkInterfaces,Network Interface,avm/res/network/network-interface,Available :green_circle:,https://github.com/Azure/bicep-registry-modules/tree/main/avm/res/network/network-interface,br/public:avm/res/network/network-interface:X.Y.Z,46d3xbcp.res.network-networkinterface,rahalan,Rainer Halanek,,,@Azure/avm-res-network-networkinterface-module-owners-bicep,@Azure/avm-res-network-networkinterface-module-contributors-bicep,AVM Resource Module for Network Interface,,2023-10
Microsoft.Network,networkManager,Network Manager,avm/res/network/network-manager,Available :green_circle:,https://github.com/Azure/bicep-registry-modules/tree/main/avm/res/network/network-manager,br/public:avm/res/network/network-manager:X.Y.Z,46d3xbcp.res.network-networkmanager,ahmadabdalla,Ahmad Abdalla,,,@Azure/avm-res-network-networkmanager-module-owners-bicep,@Azure/avm-res-network-networkmanager-module-contributors-bicep,AVM Resource Module for Network Manager,,2024-02
Microsoft.Network,networkSecurityGroups,Network Security Group,avm/res/network/network-security-group,Available :green_circle:,https://github.com/Azure/bicep-registry-modules/tree/main/avm/res/network/network-security-group,br/public:avm/res/network/network-security-group:X.Y.Z,46d3xbcp.res.network-networksecuritygroup,ahmadabdalla,Ahmad Abdalla,,,@Azure/avm-res-network-networksecuritygroup-module-owners-bicep,@Azure/avm-res-network-networksecuritygroup-module-contributors-bicep,AVM Resource Module for Network Security Group,,2023-12
Microsoft.Network,networkWatchers,Network Watcher,avm/res/network/network-watcher,Available :green_circle:,https://github.com/Azure/bicep-registry-modules/tree/main/avm/res/network/network-watcher,br/public:avm/res/network/network-watcher:X.Y.Z,46d3xbcp.res.network-networkwatcher,segraef,Sebastian Graef,,,@Azure/avm-res-network-networkwatcher-module-owners-bicep,@Azure/avm-res-network-networkwatcher-module-contributors-bicep,AVM Resource Module for Network Watcher,,2024-04
Microsoft.Network,privateDnsZones,Private DNS Zone,avm/res/network/private-dns-zone,Available :green_circle:,https://github.com/Azure/bicep-registry-modules/tree/main/avm/res/network/private-dns-zone,br/public:avm/res/network/private-dns-zone:X.Y.Z,46d3xbcp.res.network-privatednszone,ChrisSidebotham,Chris Sidebotham,,,@Azure/avm-res-network-privatednszone-module-owners-bicep,@Azure/avm-res-network-privatednszone-module-contributors-bicep,AVM Resource Module for Private DNS Zone,,2023-10
Microsoft.Network,privateEndpoints,Private Endpoint,avm/res/network/private-endpoint,Available :green_circle:,https://github.com/Azure/bicep-registry-modules/tree/main/avm/res/network/private-endpoint,br/public:avm/res/network/private-endpoint:X.Y.Z,46d3xbcp.res.network-privateendpoint,segraef,Sebastian Graef,,,@Azure/avm-res-network-privateendpoint-module-owners-bicep,@Azure/avm-res-network-privateendpoint-module-contributors-bicep,AVM Resource Module for Private Endpoint,,2023-10
Microsoft.Network,privateLinkServices,Private Link Service,avm/res/network/private-link-service,Available :green_circle:,https://github.com/Azure/bicep-registry-modules/tree/main/avm/res/network/private-link-service,br/public:avm/res/network/private-link-service:X.Y.Z,46d3xbcp.res.network-privatelinkservice,ahmadabdalla,Ahmad Abdalla,,,@Azure/avm-res-network-privatelinkservice-module-owners-bicep,@Azure/avm-res-network-privatelinkservice-module-contributors-bicep,AVM Resource Module for Private Link Service,,2024-02
Microsoft.Network,publicIPAddresses,Public IP Address,avm/res/network/public-ip-address,Available :green_circle:,https://github.com/Azure/bicep-registry-modules/tree/main/avm/res/network/public-ip-address,br/public:avm/res/network/public-ip-address:X.Y.Z,46d3xbcp.res.network-publicipaddress,ChrisSidebotham,Chris Sidebotham,krbar,Kris Baranek,@Azure/avm-res-network-publicipaddress-module-owners-bicep,@Azure/avm-res-network-publicipaddress-module-contributors-bicep,AVM Resource Module for Public IP Address,,2023-10
Microsoft.Network,publicIPPrefixes,Public IP Prefix,avm/res/network/public-ip-prefix,Available :green_circle:,https://github.com/Azure/bicep-registry-modules/tree/main/avm/res/network/public-ip-prefix,br/public:avm/res/network/public-ip-prefix:X.Y.Z,46d3xbcp.res.network-publicipprefix,krbar,Kris Baranek,,,@Azure/avm-res-network-publicipprefix-module-owners-bicep,@Azure/avm-res-network-publicipprefix-module-contributors-bicep,AVM Resource Module for Public IP Prefix,,2023-12
Microsoft.Network,routeTables,Route Table,avm/res/network/route-table,Available :green_circle:,https://github.com/Azure/bicep-registry-modules/tree/main/avm/res/network/route-table,br/public:avm/res/network/route-table:X.Y.Z,46d3xbcp.res.network-routetable,segraef,Sebastian Graef,,,@Azure/avm-res-network-routetable-module-owners-bicep,@Azure/avm-res-network-routetable-module-contributors-bicep,AVM Resource Module for Route Table,,2023-11
Microsoft.Network,serviceEndpointPolicies,Service Endpoint Policy,avm/res/network/service-endpoint-policy,Available :green_circle:,https://github.com/Azure/bicep-registry-modules/tree/main/avm/res/network/service-endpoint-policy,br/public:avm/res/network/service-endpoint-policy:X.Y.Z,46d3xbcp.res.network-serviceendpointpolicy,jeetgarg,Jeet Garg,,,@Azure/avm-res-network-serviceendpointpolicy-module-owners-bicep,@Azure/avm-res-network-serviceendpointpolicy-module-contributors-bicep,AVM Resource Module for Service Endpoint Policy,,2024-03
Microsoft.Network,trafficmanagerprofiles,Traffic Manager Profile,avm/res/network/trafficmanagerprofile,Available :green_circle:,https://github.com/Azure/bicep-registry-modules/tree/main/avm/res/network/trafficmanagerprofile,br/public:avm/res/network/trafficmanagerprofile:X.Y.Z,46d3xbcp.res.network-trafficmanagerprofile,lsnoddy,Luke Snoddy,,,@Azure/avm-res-network-trafficmanagerprofile-module-owners-bicep,@Azure/avm-res-network-trafficmanagerprofile-module-contributors-bicep,AVM Resource Module for Traffic Manager Profile,,2023-12
Microsoft.Network,virtualHubs,Virtual Hub,avm/res/network/virtual-hub,Available :green_circle:,https://github.com/Azure/bicep-registry-modules/tree/main/avm/res/network/virtual-hub,br/public:avm/res/network/virtual-hub:X.Y.Z,46d3xbcp.res.network-virtualhub,arnoldna,Nate Arnold,,,@Azure/avm-res-network-virtualhub-module-owners-bicep,@Azure/avm-res-network-virtualhub-module-contributors-bicep,AVM Resource Module for Virtual Hub,,2024-02
Microsoft.Network,virtualNetwork,Virtual Network,avm/res/network/virtual-network,Available :green_circle:,https://github.com/Azure/bicep-registry-modules/tree/main/avm/res/network/virtual-network,br/public:avm/res/network/virtual-network:X.Y.Z,46d3xbcp.res.network-virtualnetwork,elbatane,Elena Batanero,,,@Azure/avm-res-network-virtualnetwork-module-owners-bicep,@Azure/avm-res-network-virtualnetwork-module-contributors-bicep,AVM Resource Module for Virtual Network,,2023-11
Microsoft.Network,virtualNetworkGateways,Virtual Network Gateway,avm/res/network/virtual-network-gateway,Available :green_circle:,https://github.com/Azure/bicep-registry-modules/tree/main/avm/res/network/virtual-network-gateway,br/public:avm/res/network/virtual-network-gateway:X.Y.Z,46d3xbcp.res.network-virtualnetworkgateway,fabmas,Fabio Masciotra,,,@Azure/avm-res-network-virtualnetworkgateway-module-owners-bicep,@Azure/avm-res-network-virtualnetworkgateway-module-contributors-bicep,AVM Resource Module for Virtual Network Gateway,,2024-01
Microsoft.Network,virtualWans,Virtual WAN,avm/res/network/virtual-wan,Available :green_circle:,https://github.com/Azure/bicep-registry-modules/tree/main/avm/res/network/virtual-wan,br/public:avm/res/network/virtual-wan:X.Y.Z,46d3xbcp.res.network-virtualwan,arnoldna,Nate Arnold,,,@Azure/avm-res-network-virtualwan-module-owners-bicep,@Azure/avm-res-network-virtualwan-module-contributors-bicep,AVM Resource Module for Virtual WAN,,2024-02
Microsoft.Network,vpnGateways,VPN Gateway,avm/res/network/vpn-gateway,Available :green_circle:,https://github.com/Azure/bicep-registry-modules/tree/main/avm/res/network/vpn-gateway,br/public:avm/res/network/vpn-gateway:X.Y.Z,46d3xbcp.res.network-vpngateway,fabmas,Fabio Masciotra,,,@Azure/avm-res-network-vpngateway-module-owners-bicep,@Azure/avm-res-network-vpngateway-module-contributors-bicep,AVM Resource Module for VPN Gateway,,2024-01
Microsoft.Network,vpnSites,VPN Site,avm/res/network/vpn-site,Available :green_circle:,https://github.com/Azure/bicep-registry-modules/tree/main/avm/res/network/vpn-site,br/public:avm/res/network/vpn-site:X.Y.Z,46d3xbcp.res.network-vpnsite,fabmas,Fabio Masciotra,,,@Azure/avm-res-network-vpnsite-module-owners-bicep,@Azure/avm-res-network-vpnsite-module-contributors-bicep,AVM Resource Module for VPN Site,,2023-12
Microsoft.OperationalInsights,workspaces,Log Analytics Workspace,avm/res/operational-insights/workspace,Available :green_circle:,https://github.com/Azure/bicep-registry-modules/tree/main/avm/res/operational-insights/workspace,br/public:avm/res/operational-insights/workspace:X.Y.Z,46d3xbcp.res.operationalinsights-workspace,krbar,Kris Baranek,,,@Azure/avm-res-operationalinsights-workspace-module-owners-bicep,@Azure/avm-res-operationalinsights-workspace-module-contributors-bicep,AVM Resource Module for Log Analytics Workspace,,2023-11
Microsoft.OperationsManagement,solutions,Operations Management Solution,avm/res/operations-management/solution,Available :green_circle:,https://github.com/Azure/bicep-registry-modules/tree/main/avm/res/operations-management/solution,br/public:avm/res/operations-management/solution:X.Y.Z,46d3xbcp.res.operationsmanagement-solution,krbar,Kris Baranek,,,@Azure/avm-res-operationsmanagement-solution-module-owners-bicep,@Azure/avm-res-operationsmanagement-solution-module-contributors-bicep,AVM Resource Module for Operations Management Solution,,2023-11
Microsoft.Portal,dashboards,Portal Dashboard,avm/res/portal/dashboard,Proposed :new:,https://github.com/Azure/bicep-registry-modules/tree/main/avm/res/portal/dashboard,br/public:avm/res/portal/dashboard:X.Y.Z,46d3xbcp.res.portal-dashboard,krbar,Kris Baranek,,,@Azure/avm-res-portal-dashboard-module-owners-bicep,@Azure/avm-res-portal-dashboard-module-contributors-bicep,AVM Resource Module for Portal Dashboard,,
Microsoft.PowerBIDedicated,capacities,Power BI Dedicated Capacity,avm/res/power-bi-dedicated/capacity,Available :green_circle:,https://github.com/Azure/bicep-registry-modules/tree/main/avm/res/power-bi-dedicated/capacity,br/public:avm/res/power-bi-dedicated/capacity:X.Y.Z,46d3xbcp.res.powerbidedicated-capacity,ChrisSidebotham,Chris Sidebotham,,,@Azure/avm-res-powerbidedicated-capacity-module-owners-bicep,@Azure/avm-res-powerbidedicated-capacity-module-contributors-bicep,AVM Resource Module for Power BI Dedicated Capacity,,2023-11
Microsoft.Purview,accounts,Purview Account,avm/res/purview/account,Orphaned :eyes:,https://github.com/Azure/bicep-registry-modules/tree/main/avm/res/purview/account,br/public:avm/res/purview/account:X.Y.Z,46d3xbcp.res.purview-account,,,,,@Azure/avm-res-purview-account-module-owners-bicep,@Azure/avm-res-purview-account-module-contributors-bicep,AVM Resource Module for Purview Account,,2024-02
Microsoft.RecoveryServices,vaults,Recovery Services Vault,avm/res/recovery-services/vault,Available :green_circle:,https://github.com/Azure/bicep-registry-modules/tree/main/avm/res/recovery-services/vault,br/public:avm/res/recovery-services/vault:X.Y.Z,46d3xbcp.res.recoveryservices-vault,alexanderojala,Alexander Ojala,,,@Azure/avm-res-recoveryservices-vault-module-owners-bicep,@Azure/avm-res-recoveryservices-vault-module-contributors-bicep,AVM Resource Module for Recovery Services Vault,,2024-03
Microsoft.Relay,namespaces,Relay Namespace,avm/res/relay/namespace,Orphaned :eyes:,https://github.com/Azure/bicep-registry-modules/tree/main/avm/res/relay/namespace,br/public:avm/res/relay/namespace:X.Y.Z,46d3xbcp.res.relay-namespace,,,,,@Azure/avm-res-relay-namespace-module-owners-bicep,@Azure/avm-res-relay-namespace-module-contributors-bicep,AVM Resource Module for Relay Namespace,,2024-03
Microsoft.ResourceGraph,queries,Resource Graph Query,avm/res/resource-graph/query,Available :green_circle:,https://github.com/Azure/bicep-registry-modules/tree/main/avm/res/resource-graph/query,br/public:avm/res/resource-graph/query:X.Y.Z,46d3xbcp.resourcegraph-query,sebassem,Seif Bassem,,,@Azure/avm-res-resourcegraph-query-module-owners-bicep,@Azure/avm-res-resourcegraph-query-module-contributors-bicep,AVM Resource Module for Resource Graph Query,,2023-11
Microsoft.Resources,deploymentScripts,Deployment Script,avm/res/resources/deployment-script,Available :green_circle:,https://github.com/Azure/bicep-registry-modules/tree/main/avm/res/resources/deployment-script,br/public:avm/res/resources/deployment-script:X.Y.Z,46d3xbcp.res.resources-deploymentscript,sebassem,Seif Bassem,,,@Azure/avm-res-resources-deploymentscript-module-owners-bicep,@Azure/avm-res-resources-deploymentscript-module-contributors-bicep,AVM Resource Module for Deployment Script,,2023-11
Microsoft.Resources,resourceGroups,Resource Group,avm/res/resources/resource-group,Available :green_circle:,https://github.com/Azure/bicep-registry-modules/tree/main/avm/res/resources/resource-group,br/public:avm/res/resources/resource-group:X.Y.Z,46d3xbcp.res.resources-resourcegroup,segraef,Sebastian Graef,,,@Azure/avm-res-resources-resourcegroup-module-owners-bicep,@Azure/avm-res-resources-resourcegroup-module-contributors-bicep,AVM Resource Module for Resource Group,,2023-12
Microsoft.Scom,managedInstances,SCOM MI,avm/res/scom/managed-instance,Proposed :new:,https://github.com/Azure/bicep-registry-modules/tree/main/avm/res/scom/managed-instance,br/public:avm/res/scom/managed-instance:X.Y.Z,46d3xbcp.res.scom-managedinstance,maldineh,Maher Aldineh,,,@Azure/avm-res-scom-managedinstance-module-owners-bicep,@Azure/avm-res-scom-managedinstance-module-contributors-bicep,AVM Resource Module for SCOM MI,,
Microsoft.Search,searchServices,Search Service,avm/res/search/search-service,Available :green_circle:,https://github.com/Azure/bicep-registry-modules/tree/main/avm/res/search/search-service,br/public:avm/res/search/search-service:X.Y.Z,46d3xbcp.search-searchservice,krbar,Kris Baranek,,,@Azure/avm-res-search-searchservice-module-owners-bicep,@Azure/avm-res-search-searchservice-module-contributors-bicep,AVM Resource Module for Search Service,,2023-11
Microsoft.ServiceBus,namespaces,Service Bus Namespace,avm/res/service-bus/namespace,Available :green_circle:,https://github.com/Azure/bicep-registry-modules/tree/main/avm/res/service-bus/namespace,br/public:avm/res/service-bus/namespace:X.Y.Z,46d3xbcp.res.servicebus-namespace,ChrisSidebotham,Chris Sidebotham,,,@Azure/avm-res-servicebus-namespace-module-owners-bicep,@Azure/avm-res-servicebus-namespace-module-contributors-bicep,AVM Resource Module for Service Bus Namespace,,2023-12
Microsoft.ServiceFabric,clusters,Service Fabric Cluster,avm/res/service-fabric/cluster,Available :green_circle:,https://github.com/Azure/bicep-registry-modules/tree/main/avm/res/service-fabric/cluster,br/public:avm/res/service-fabric/cluster:X.Y.Z,46d3xbcp.res.servicefabric-cluster,lsnoddy,Luke Snoddy,,,@Azure/avm-res-servicefabric-cluster-module-owners-bicep,@Azure/avm-res-servicefabric-cluster-module-contributors-bicep,AVM Resource Module for Service Fabric Cluster,,2024-04
Microsoft.ServiceNetworking,trafficControllers,Application Gateway for Containers (Traffic Controller),avm/res/service-networking/traffic-controller,Proposed :new:,https://github.com/Azure/bicep-registry-modules/tree/main/avm/res/service-networking/traffic-controller,br/public:avm/res/service-networking/traffic-controller:X.Y.Z,46d3xbcp.res.servicenetworking-trafficcontroller,krbar,Kris Baranek,,,@Azure/avm-res-servicenetworking-trafficcontroller-module-owners-bicep,@Azure/avm-res-servicenetworking-trafficcontroller-module-contributors-bicep,AVM Resource Module for Application Gateway for Containers (Traffic Controller),,
Microsoft.SignalRService,signalR,SignalR Service SignalR,avm/res/signal-r-service/signal-r,Orphaned :eyes:,https://github.com/Azure/bicep-registry-modules/tree/main/avm/res/signal-r-service/signal-r,br/public:avm/res/signal-r-service/signal-r:X.Y.Z,46d3xbcp.res.signalrservice-signalr,,,,,@Azure/avm-res-signalrservice-signalr-module-owners-bicep,@Azure/avm-res-signalrservice-signalr-module-contributors-bicep,AVM Resource Module for SignalR Service SignalR,,2024-03
Microsoft.SignalRService,webPubSub,SignalR Web PubSub Service,avm/res/signal-r-service/web-pub-sub,Orphaned :eyes:,https://github.com/Azure/bicep-registry-modules/tree/main/avm/res/signal-r-service/web-pub-sub,br/public:avm/res/signal-r-service/web-pub-sub:X.Y.Z,46d3xbcp.res.signalrservice-webpubsub,,,,,@Azure/avm-res-signalrservice-webpubsub-module-owners-bicep,@Azure/avm-res-signalrservice-webpubsub-module-contributors-bicep,AVM Resource Module for SignalR Web PubSub Service,,2024-03
Microsoft.Sql,instancePools,SQL Instance Pool,avm/res/sql/instance-pool,Available :green_circle:,https://github.com/Azure/bicep-registry-modules/tree/main/avm/res/sql/instance-pool,br/public:avm/res/sql/instance-pool:X.Y.Z,46d3xbcp.res.sql-instancepool,yashints,Yas Adel Mehraban,,,@Azure/avm-res-sql-instancepool-module-owners-bicep,@Azure/avm-res-sql-instancepool-module-contributors-bicep,AVM Resource Module for SQL Instance Pool,,2024-04
Microsoft.Sql,managedInstances,SQL Managed Instance,avm/res/sql/managed-instance,Available :green_circle:,https://github.com/Azure/bicep-registry-modules/tree/main/avm/res/sql/managed-instance,br/public:avm/res/sql/managed-instance:X.Y.Z,46d3xbcp.res.sql-managedinstance,maldineh,Maher Aldineh,,,@Azure/avm-res-sql-managedinstance-module-owners-bicep,@Azure/avm-res-sql-managedinstance-module-contributors-bicep,AVM Resource Module for SQL Managed Instance,,2024-04
Microsoft.Sql,servers,Azure SQL Server,avm/res/sql/server,Available :green_circle:,https://github.com/Azure/bicep-registry-modules/tree/main/avm/res/sql/server,br/public:avm/res/sql/server:X.Y.Z,46d3xbcp.res.sql-server,bryansan-msft,Bryan Sanchez Pernia,,,@Azure/avm-res-sql-server-module-owners-bicep,@Azure/avm-res-sql-server-module-contributors-bicep,AVM Resource Module for Azure SQL Server,,2023-11
Microsoft.Storage,storageAccounts,Storage Account,avm/res/storage/storage-account,Available :green_circle:,https://github.com/Azure/bicep-registry-modules/tree/main/avm/res/storage/storage-account,br/public:avm/res/storage/storage-account:X.Y.Z,46d3xbcp.res.storage-storageaccount,fblix,Felix Borst,,,@Azure/avm-res-storage-storageaccount-module-owners-bicep,@Azure/avm-res-storage-storageaccount-module-contributors-bicep,AVM Resource Module for Storage Account,,2024-01
Microsoft.Synapse,privateLinkHubs,Azure Synapse Analytics,avm/res/synapse/private-link-hub,Orphaned :eyes:,https://github.com/Azure/bicep-registry-modules/tree/main/avm/res/synapse/private-link-hub,br/public:avm/res/synapse/private-link-hub:X.Y.Z,46d3xbcp.res.synapse-privatelinkhub,,,,,@Azure/avm-res-synapse-privatelinkhub-module-owners-bicep,@Azure/avm-res-synapse-privatelinkhub-module-contributors-bicep,AVM Resource Module for Azure Synapse Analytics,,2024-02
Microsoft.Synapse,workspaces,Synapse Workspace,avm/res/synapse/workspace,Orphaned :eyes:,https://github.com/Azure/bicep-registry-modules/tree/main/avm/res/synapse/workspace,br/public:avm/res/synapse/workspace:X.Y.Z,46d3xbcp.res.synapse-workspace,,,,,@Azure/avm-res-synapse-workspace-module-owners-bicep,@Azure/avm-res-synapse-workspace-module-contributors-bicep,AVM Resource Module for Synapse Workspace,,2024-02
Microsoft.VirtualMachineImages,imageTemplates,Virtual Machine Image Template,avm/res/virtual-machine-images/image-template,Available :green_circle:,https://github.com/Azure/bicep-registry-modules/tree/main/avm/res/virtual-machine-images/image-template,br/public:avm/res/virtual-machine-images/image-template:X.Y.Z,46d3xbcp.res.virtualmachineimages-imagetemplate,ahmadabdalla,Ahmad Abdalla,,,@Azure/avm-res-virtualmachineimages-imagetemplate-module-owners-bicep,@Azure/avm-res-virtualmachineimages-imagetemplate-module-contributors-bicep,AVM Resource Module for Virtual Machine Image Template,,2024-02
Microsoft.Web,connection,API Connection,avm/res/web/connection,Orphaned :eyes:,https://github.com/Azure/bicep-registry-modules/tree/main/avm/res/web/connection,br/public:avm/res/web/connection:X.Y.Z,46d3xbcp.res.web-connection,,,,,@Azure/avm-res-web-connection-module-owners-bicep,@Azure/avm-res-web-connection-module-contributors-bicep,AVM Resource Module for API Connection,,2024-03
Microsoft.Web,hostingEnvironments,App Service Environment,avm/res/web/hosting-environment,Available :green_circle:,https://github.com/Azure/bicep-registry-modules/tree/main/avm/res/web/hosting-environment,br/public:avm/res/web/hosting-environment:X.Y.Z,46d3xbcp.res.web-hostingenvironment,tsc-buddy,Buddy Davies,,,@Azure/avm-res-web-hostingenvironment-module-owners-bicep,@Azure/avm-res-web-hostingenvironment-module-contributors-bicep,AVM Resource Module for App Service Environment,,2024-03
Microsoft.Web,serverfarms,App Service Plan,avm/res/web/serverfarm,Available :green_circle:,https://github.com/Azure/bicep-registry-modules/tree/main/avm/res/web/serverfarm,br/public:avm/res/web/serverfarm:X.Y.Z,46d3xbcp.res.web-serverfarm,tsc-buddy,Buddy Davies,,,@Azure/avm-res-web-serverfarm-module-owners-bicep,@Azure/avm-res-web-serverfarm-module-contributors-bicep,AVM Resource Module for App Service Plan,,2023-12
Microsoft.Web,sites,Web/Function App,avm/res/web/site,Available :green_circle:,https://github.com/Azure/bicep-registry-modules/tree/main/avm/res/web/site,br/public:avm/res/web/site:X.Y.Z,46d3xbcp.res.web-site,tsc-buddy,Buddy Davies,,,@Azure/avm-res-web-site-module-owners-bicep,@Azure/avm-res-web-site-module-contributors-bicep,AVM Resource Module for Web/Function App,,2024-01
Microsoft.Web,staticSites,Static Web App,avm/res/web/static-site,Available :green_circle:,https://github.com/Azure/bicep-registry-modules/tree/main/avm/res/web/static-site,br/public:avm/res/web/static-site:X.Y.Z,46d3xbcp.res.web-staticsite,ChrisSidebotham,Chris Sidebotham,,,@Azure/avm-res-web-staticsite-module-owners-bicep,@Azure/avm-res-web-staticsite-module-contributors-bicep,AVM Resource Module for Static Web App,,2024-01
